/*
SQLyog Ultimate v9.63 
MySQL - 5.1.41 : Database - nasdo
*********************************************************************
*/

/*!40101 SET NAMES utf8 */;

/*!40101 SET SQL_MODE=''*/;

/*!40014 SET @OLD_UNIQUE_CHECKS=@@UNIQUE_CHECKS, UNIQUE_CHECKS=0 */;
/*!40014 SET @OLD_FOREIGN_KEY_CHECKS=@@FOREIGN_KEY_CHECKS, FOREIGN_KEY_CHECKS=0 */;
/*!40101 SET @OLD_SQL_MODE=@@SQL_MODE, SQL_MODE='NO_AUTO_VALUE_ON_ZERO' */;
/*!40111 SET @OLD_SQL_NOTES=@@SQL_NOTES, SQL_NOTES=0 */;
CREATE DATABASE /*!32312 IF NOT EXISTS*/`nasdo` /*!40100 DEFAULT CHARACTER SET utf8 COLLATE utf8_unicode_ci */;

USE `nasdo`;

/*Table structure for table `error_nasabah` */

DROP TABLE IF EXISTS `error_nasabah`;

CREATE TABLE `error_nasabah` (
  `error_id` int(20) NOT NULL AUTO_INCREMENT,
  `jenis_error` varchar(2) COLLATE utf8_unicode_ci DEFAULT NULL,
  `total` varchar(3) COLLATE utf8_unicode_ci DEFAULT NULL,
  `no_proposal` varchar(50) COLLATE utf8_unicode_ci DEFAULT NULL,
  PRIMARY KEY (`error_id`)
) ENGINE=MyISAM DEFAULT CHARSET=utf8 COLLATE=utf8_unicode_ci;

/*Data for the table `error_nasabah` */

/*Table structure for table `mtb_agama` */

DROP TABLE IF EXISTS `mtb_agama`;

CREATE TABLE `mtb_agama` (
  `agama_id` int(2) NOT NULL AUTO_INCREMENT,
  `nama` varchar(20) COLLATE utf8_unicode_ci DEFAULT NULL,
  PRIMARY KEY (`agama_id`)
) ENGINE=InnoDB AUTO_INCREMENT=7 DEFAULT CHARSET=utf8 COLLATE=utf8_unicode_ci;

/*Data for the table `mtb_agama` */

insert  into `mtb_agama`(`agama_id`,`nama`) values (1,'Islam'),(2,'Katholik'),(3,'Protestan'),(4,'Hindu'),(5,'Budha'),(6,'Konghuchu');

/*Table structure for table `mtb_daftar_nasabah` */

DROP TABLE IF EXISTS `mtb_daftar_nasabah`;

CREATE TABLE `mtb_daftar_nasabah` (
  `nasabah_id` int(10) NOT NULL AUTO_INCREMENT,
  `kartukeluarga_id` varchar(10) COLLATE utf8_unicode_ci DEFAULT NULL,
  `nama` varchar(40) COLLATE utf8_unicode_ci NOT NULL,
  `alamat` varchar(100) COLLATE utf8_unicode_ci DEFAULT NULL,
  `status` int(2) DEFAULT '1',
  PRIMARY KEY (`nasabah_id`)
) ENGINE=InnoDB AUTO_INCREMENT=9 DEFAULT CHARSET=utf8 COLLATE=utf8_unicode_ci;

/*Data for the table `mtb_daftar_nasabah` */

insert  into `mtb_daftar_nasabah`(`nasabah_id`,`kartukeluarga_id`,`nama`,`alamat`,`status`) values (1,'35151','Ulil','Malang',3),(2,'351512','Coe Ing','Koto Gadang',4),(3,'351513','Bambang','Suko Lilo',4),(4,'351514','Jacko','Medan',1),(6,'351516','Sandra','Manado',1),(7,'351517','Dita','Kuala Namu',1),(8,'351518','Masa','Graha Bakti',1);

/*Table structure for table `mtb_email_notif` */

DROP TABLE IF EXISTS `mtb_email_notif`;

CREATE TABLE `mtb_email_notif` (
  `email_notif_id` int(2) NOT NULL,
  `nama` text COLLATE utf8_unicode_ci NOT NULL,
  PRIMARY KEY (`email_notif_id`)
) ENGINE=InnoDB DEFAULT CHARSET=utf8 COLLATE=utf8_unicode_ci;

/*Data for the table `mtb_email_notif` */

insert  into `mtb_email_notif`(`email_notif_id`,`nama`) values (1,'Semua (Email notifikasi saat input proposal, nasabah ditolak dan approval)'),(2,'Proposal (Email notifikasi saat input proposal)'),(3,'Approval (Email notifikasi saat proses approval)'),(4,'Nasabah Tolak (Email notifikasi saat input nasabah di tolak)'),(5,'Tidak Aktif');

/*Table structure for table `mtb_hak_akses` */

DROP TABLE IF EXISTS `mtb_hak_akses`;

CREATE TABLE `mtb_hak_akses` (
  `id_hak_akses` int(3) NOT NULL,
  `nama_hak_akses` varchar(20) COLLATE utf8_unicode_ci DEFAULT NULL,
  PRIMARY KEY (`id_hak_akses`)
) ENGINE=InnoDB DEFAULT CHARSET=utf8 COLLATE=utf8_unicode_ci;

/*Data for the table `mtb_hak_akses` */

insert  into `mtb_hak_akses`(`id_hak_akses`,`nama_hak_akses`) values (1,'Admin'),(2,'Approval'),(3,'Inputer'),(4,'User');

/*Table structure for table `mtb_jabatan` */

DROP TABLE IF EXISTS `mtb_jabatan`;

CREATE TABLE `mtb_jabatan` (
  `id_jabatan` int(3) NOT NULL AUTO_INCREMENT,
  `nama_jabatan` varchar(20) COLLATE utf8_unicode_ci NOT NULL,
  PRIMARY KEY (`id_jabatan`)
) ENGINE=InnoDB AUTO_INCREMENT=8 DEFAULT CHARSET=utf8 COLLATE=utf8_unicode_ci;

/*Data for the table `mtb_jabatan` */

insert  into `mtb_jabatan`(`id_jabatan`,`nama_jabatan`) values (1,'Kepala Cabang'),(2,'Kepala Divisi'),(3,'Marketing'),(4,'Lainnya'),(7,'Makelar');

/*Table structure for table `mtb_jenis_identitas` */

DROP TABLE IF EXISTS `mtb_jenis_identitas`;

CREATE TABLE `mtb_jenis_identitas` (
  `identitas_id` int(2) NOT NULL,
  `nama` varchar(20) COLLATE utf8_unicode_ci DEFAULT NULL,
  PRIMARY KEY (`identitas_id`)
) ENGINE=MyISAM DEFAULT CHARSET=utf8 COLLATE=utf8_unicode_ci;

/*Data for the table `mtb_jenis_identitas` */

insert  into `mtb_jenis_identitas`(`identitas_id`,`nama`) values (1,'KTP'),(2,'SIM'),(3,'Passport');

/*Table structure for table `mtb_kolektabilitas` */

DROP TABLE IF EXISTS `mtb_kolektabilitas`;

CREATE TABLE `mtb_kolektabilitas` (
  `kolektabilitas_id` int(11) NOT NULL AUTO_INCREMENT,
  `nama` varchar(50) COLLATE utf8_unicode_ci NOT NULL,
  PRIMARY KEY (`kolektabilitas_id`)
) ENGINE=MyISAM AUTO_INCREMENT=10 DEFAULT CHARSET=utf8 COLLATE=utf8_unicode_ci;

/*Data for the table `mtb_kolektabilitas` */

insert  into `mtb_kolektabilitas`(`kolektabilitas_id`,`nama`) values (1,'Lancar'),(5,'Dalam Perhatian Khusus'),(6,'Kurang Lancar'),(7,'Diragukan'),(8,'Macet');

/*Table structure for table `mtb_list_email` */

DROP TABLE IF EXISTS `mtb_list_email`;

CREATE TABLE `mtb_list_email` (
  `id_list_email` int(10) NOT NULL AUTO_INCREMENT,
  `email_address` varchar(100) COLLATE utf8_unicode_ci NOT NULL,
  `nama_pengguna` varchar(50) COLLATE utf8_unicode_ci DEFAULT NULL,
  `jabatan_id` int(3) DEFAULT NULL,
  `status` tinyint(2) NOT NULL,
  `NIP` varchar(50) COLLATE utf8_unicode_ci DEFAULT NULL,
  PRIMARY KEY (`id_list_email`)
) ENGINE=InnoDB AUTO_INCREMENT=3 DEFAULT CHARSET=utf8 COLLATE=utf8_unicode_ci;

/*Data for the table `mtb_list_email` */

insert  into `mtb_list_email`(`id_list_email`,`email_address`,`nama_pengguna`,`jabatan_id`,`status`,`NIP`) values (1,'oelhil@gmail.com','Ulil',1,1,'1234'),(2,'oelhil1@gmail.com','Ing',1,3,'1234');

/*Table structure for table `mtb_pegawai` */

DROP TABLE IF EXISTS `mtb_pegawai`;

CREATE TABLE `mtb_pegawai` (
  `pegawai_id` int(4) NOT NULL AUTO_INCREMENT,
  `no_urut` varchar(10) COLLATE utf8_unicode_ci DEFAULT NULL,
  `nama` varchar(50) COLLATE utf8_unicode_ci NOT NULL,
  `NIP` varchar(50) COLLATE utf8_unicode_ci NOT NULL,
  `jabatan` int(3) DEFAULT NULL,
  `no_handphone` varchar(20) COLLATE utf8_unicode_ci DEFAULT NULL,
  `email` varchar(50) COLLATE utf8_unicode_ci DEFAULT NULL,
  `unit_kerja` int(2) DEFAULT NULL,
  `email_atasan` varchar(50) COLLATE utf8_unicode_ci DEFAULT NULL,
  PRIMARY KEY (`pegawai_id`)
) ENGINE=MyISAM AUTO_INCREMENT=2 DEFAULT CHARSET=utf8 COLLATE=utf8_unicode_ci;

/*Data for the table `mtb_pegawai` */

insert  into `mtb_pegawai`(`pegawai_id`,`no_urut`,`nama`,`NIP`,`jabatan`,`no_handphone`,`email`,`unit_kerja`,`email_atasan`) values (1,'1','Ulil','12',1,'0813330440 817','mingslab@gmail.com',1,'ulil@jakartadenshi.com');

/*Table structure for table `mtb_segmen` */

DROP TABLE IF EXISTS `mtb_segmen`;

CREATE TABLE `mtb_segmen` (
  `segmen_id` int(2) NOT NULL AUTO_INCREMENT,
  `nama` varchar(50) COLLATE utf8_unicode_ci NOT NULL,
  PRIMARY KEY (`segmen_id`)
) ENGINE=MyISAM AUTO_INCREMENT=8 DEFAULT CHARSET=utf8 COLLATE=utf8_unicode_ci;

/*Data for the table `mtb_segmen` */

insert  into `mtb_segmen`(`segmen_id`,`nama`) values (1,'Komersial'),(4,'Konsumer'),(5,'Small'),(6,'Mikro'),(7,'Gadai');

/*Table structure for table `mtb_status_nasabah` */

DROP TABLE IF EXISTS `mtb_status_nasabah`;

CREATE TABLE `mtb_status_nasabah` (
  `id_status` int(2) NOT NULL AUTO_INCREMENT,
  `nama_status` varchar(20) COLLATE utf8_unicode_ci DEFAULT NULL,
  PRIMARY KEY (`id_status`)
) ENGINE=InnoDB AUTO_INCREMENT=5 DEFAULT CHARSET=utf8 COLLATE=utf8_unicode_ci;

/*Data for the table `mtb_status_nasabah` */

insert  into `mtb_status_nasabah`(`id_status`,`nama_status`) values (1,'Baru'),(2,'Ditolak'),(3,'Diterima'),(4,'Applied');

/*Table structure for table `mtb_unit_kerja` */

DROP TABLE IF EXISTS `mtb_unit_kerja`;

CREATE TABLE `mtb_unit_kerja` (
  `unit_kerja_id` int(3) NOT NULL AUTO_INCREMENT,
  `nama` varchar(50) COLLATE utf8_unicode_ci NOT NULL,
  PRIMARY KEY (`unit_kerja_id`)
) ENGINE=MyISAM AUTO_INCREMENT=2 DEFAULT CHARSET=utf8 COLLATE=utf8_unicode_ci;

/*Data for the table `mtb_unit_kerja` */

insert  into `mtb_unit_kerja`(`unit_kerja_id`,`nama`) values (1,'IT Konsultan');

/*Table structure for table `mtb_user` */

DROP TABLE IF EXISTS `mtb_user`;

CREATE TABLE `mtb_user` (
  `user_id` int(10) NOT NULL AUTO_INCREMENT,
  `user_name` varchar(50) COLLATE utf8_unicode_ci NOT NULL,
  `email_address` varchar(50) COLLATE utf8_unicode_ci NOT NULL,
  `jabatan_id` int(2) NOT NULL DEFAULT '0',
  `password` varchar(64) COLLATE utf8_unicode_ci NOT NULL,
  `hak_akses` int(2) NOT NULL DEFAULT '0',
  `NIP` varchar(50) COLLATE utf8_unicode_ci DEFAULT NULL,
  PRIMARY KEY (`user_id`)
) ENGINE=InnoDB AUTO_INCREMENT=13 DEFAULT CHARSET=utf8 COLLATE=utf8_unicode_ci;

/*Data for the table `mtb_user` */

insert  into `mtb_user`(`user_id`,`user_name`,`email_address`,`jabatan_id`,`password`,`hak_akses`,`NIP`) values (1,'ulil','a@b.com',1,'$2a$13$q0pqVszYTYxzAghTY3PRCu5i9QdFnGXCZhlUthRS4iy4v.q7v/hsW',1,'123'),(10,'approval','ap@b.com',2,'$2a$13$NlxwWAomKqmvW3WC7Ag6sOhc9FEehKq62HwA8uKpbGhtaxZ01HN4i',2,'123'),(12,'tes','ip@b.com',1,'$2a$13$cZhH8A3at3yJ0u/II84RjewSy8VwUVg7g5CNfzRWVaU.uKWimiQ9a',3,'124');

/*Table structure for table `proposal` */

DROP TABLE IF EXISTS `proposal`;

CREATE TABLE `proposal` (
  `proposal_id` int(10) NOT NULL AUTO_INCREMENT,
  `plafon` varchar(20) COLLATE utf8_unicode_ci DEFAULT NULL,
  `tanggal_pengajuan` date DEFAULT NULL,
  `segmen` int(2) NOT NULL,
  `jenis_usaha` varchar(100) COLLATE utf8_unicode_ci DEFAULT NULL,
  `marketing` varchar(50) COLLATE utf8_unicode_ci NOT NULL,
  `no_kartu_keluarga` varchar(50) COLLATE utf8_unicode_ci NOT NULL,
  `no_buku_nikah` varchar(50) COLLATE utf8_unicode_ci DEFAULT NULL,
  `no_ktp` varchar(50) COLLATE utf8_unicode_ci NOT NULL,
  `no_proposal` varchar(50) COLLATE utf8_unicode_ci DEFAULT NULL,
  `status_pengajuan` varchar(3) COLLATE utf8_unicode_ci DEFAULT '0',
  `jenis_nasabah` int(2) DEFAULT NULL,
  `existing_plafon` varchar(50) COLLATE utf8_unicode_ci DEFAULT NULL,
  `existing_os` varchar(20) COLLATE utf8_unicode_ci DEFAULT NULL,
  `existing_angsuran` varchar(20) COLLATE utf8_unicode_ci DEFAULT NULL,
  `existing_kolektabilitas` int(2) DEFAULT NULL,
  `referal_nama` varchar(50) COLLATE utf8_unicode_ci DEFAULT NULL,
  `referal_alamat` text COLLATE utf8_unicode_ci,
  `referal_telp` varchar(20) COLLATE utf8_unicode_ci DEFAULT NULL,
  `referal_sektor_usaha` varchar(50) COLLATE utf8_unicode_ci DEFAULT NULL,
  `referal_fasilitas` varchar(20) COLLATE utf8_unicode_ci DEFAULT NULL,
  `referal_kolektabilitas` varchar(2) COLLATE utf8_unicode_ci DEFAULT NULL,
  `del_flag` int(11) DEFAULT '0',
  `nama_nasabah` varchar(50) COLLATE utf8_unicode_ci DEFAULT NULL,
  `jenis_identitas` int(2) DEFAULT NULL,
  `tanggal_kartu_keluarga` varchar(15) COLLATE utf8_unicode_ci DEFAULT NULL,
  PRIMARY KEY (`proposal_id`)
) ENGINE=MyISAM AUTO_INCREMENT=13 DEFAULT CHARSET=utf8 COLLATE=utf8_unicode_ci;

/*Data for the table `proposal` */

insert  into `proposal`(`proposal_id`,`plafon`,`tanggal_pengajuan`,`segmen`,`jenis_usaha`,`marketing`,`no_kartu_keluarga`,`no_buku_nikah`,`no_ktp`,`no_proposal`,`status_pengajuan`,`jenis_nasabah`,`existing_plafon`,`existing_os`,`existing_angsuran`,`existing_kolektabilitas`,`referal_nama`,`referal_alamat`,`referal_telp`,`referal_sektor_usaha`,`referal_fasilitas`,`referal_kolektabilitas`,`del_flag`,`nama_nasabah`,`jenis_identitas`,`tanggal_kartu_keluarga`) values (1,'1200000','0000-00-00',1,'Pertanian','1','1','121214','12345','','0',2,'12','13','14',1,'','','','','','',0,'Zainal',0,NULL),(2,'123','2014-10-03',1,'Pertamina','1','2334','1222','1221','2','2',3,'','','',NULL,'ree','ref','081330440817','111','211','1',0,'Joe',NULL,NULL),(3,'23','2014-10-04',1,'21','1','2212','1222','12345','','0',1,'','','',NULL,'','','','','','',0,'codet',NULL,NULL),(4,'','2014-10-04',1,'Pertanian','1','1211','','122.1','','0',1,'','','',NULL,'','','','','','',0,'Joe T',1,'31/10/2014'),(5,'','2014-10-04',1,'11','1','121','','12345','','0',1,'','','',NULL,'','','','','','',0,'GER',1,''),(6,'1211','2014-10-04',1,'Pertanian','1','1212121','','122','1233','0',1,'','','',NULL,'','','','','','',0,'Joe tAS',1,''),(7,'','2014-10-04',1,'12','1','121','','355132209850006','','0',1,'','','',NULL,'','','','','','',0,'23',1,''),(8,'','2014-10-04',1,'12','1','121','','12345','','0',1,'','','',NULL,'','','','','','',0,'122',1,''),(9,'','2014-10-03',4,'12','1','12','','12345','','0',1,'','','',NULL,'','','','','','',0,'23',1,''),(10,'1200000','2014-10-04',6,'Masked','1','1212121','','12211','12','0',1,'','','',NULL,'','','','','','',0,'zainal',1,''),(11,'1200000','2014-10-03',1,'Pertanian','1','221','','12345','2','0',1,'','','',NULL,'','','','','','',0,'dokter D',1,''),(12,'1200000','2014-10-04',7,'Masked','1','1122','','123','21','0',1,'','','',NULL,'','','','','','',0,'fero',1,'');

/*Table structure for table `proposal_buku_nikah` */

DROP TABLE IF EXISTS `proposal_buku_nikah`;

CREATE TABLE `proposal_buku_nikah` (
  `proposal_id` int(5) DEFAULT NULL,
  `no_buku_nikah` varchar(50) COLLATE utf8_unicode_ci DEFAULT NULL,
  `tgl_buku_nikah` date DEFAULT NULL
) ENGINE=MyISAM DEFAULT CHARSET=utf8 COLLATE=utf8_unicode_ci;

/*Data for the table `proposal_buku_nikah` */

insert  into `proposal_buku_nikah`(`proposal_id`,`no_buku_nikah`,`tgl_buku_nikah`) values (0,'121214','2014-10-04'),(2,'1222','2014-10-02'),(3,'1222','2014-10-10');

/*Table structure for table `proposal_kartu_keluarga` */

DROP TABLE IF EXISTS `proposal_kartu_keluarga`;

CREATE TABLE `proposal_kartu_keluarga` (
  `no_kartu_keluarga` varchar(50) COLLATE utf8_unicode_ci NOT NULL,
  `nama` varchar(50) COLLATE utf8_unicode_ci DEFAULT NULL,
  `tanggal_lahir` date DEFAULT NULL,
  `no_ktp` varchar(50) COLLATE utf8_unicode_ci DEFAULT NULL,
  `proposal_id` int(5) DEFAULT NULL,
  `tempat_lahir` varchar(50) COLLATE utf8_unicode_ci DEFAULT NULL
) ENGINE=MyISAM DEFAULT CHARSET=utf8 COLLATE=utf8_unicode_ci;

/*Data for the table `proposal_kartu_keluarga` */

insert  into `proposal_kartu_keluarga`(`no_kartu_keluarga`,`nama`,`tanggal_lahir`,`no_ktp`,`proposal_id`,`tempat_lahir`) values ('1','12','0000-00-00','123',NULL,NULL),('2334','1uui','2014-10-30','121',2,NULL),('2334','bbb','2014-10-22','2111',2,NULL),('2212','1221','2014-10-22','122',3,NULL),('1211','nAMA KAKA','2014-10-07','122',4,'AGAM'),('1211','TRT','2014-10-24','121111',4,''),('121','','0000-00-00','',7,''),('12','211','0000-00-00','',9,'');

/*Table structure for table `proposal_ktp` */

DROP TABLE IF EXISTS `proposal_ktp`;

CREATE TABLE `proposal_ktp` (
  `proposal_ktp_id` int(50) NOT NULL AUTO_INCREMENT,
  `no_ktp` varchar(50) COLLATE utf8_unicode_ci DEFAULT NULL,
  `tempat_lahir` varchar(50) COLLATE utf8_unicode_ci DEFAULT NULL,
  `tanggal_lahir` date DEFAULT NULL,
  `alamat` text COLLATE utf8_unicode_ci,
  `agama` int(2) DEFAULT NULL,
  `status_perkawinan` varchar(50) COLLATE utf8_unicode_ci DEFAULT NULL,
  `pekerjaan` varchar(50) COLLATE utf8_unicode_ci DEFAULT NULL,
  `kewarganegaraan` varchar(50) COLLATE utf8_unicode_ci DEFAULT NULL,
  `masa_berlaku` date DEFAULT NULL,
  `proposal_id` int(5) DEFAULT NULL,
  `desa` varchar(50) COLLATE utf8_unicode_ci DEFAULT NULL,
  PRIMARY KEY (`proposal_ktp_id`)
) ENGINE=MyISAM AUTO_INCREMENT=13 DEFAULT CHARSET=utf8 COLLATE=utf8_unicode_ci;

/*Data for the table `proposal_ktp` */

insert  into `proposal_ktp`(`proposal_ktp_id`,`no_ktp`,`tempat_lahir`,`tanggal_lahir`,`alamat`,`agama`,`status_perkawinan`,`pekerjaan`,`kewarganegaraan`,`masa_berlaku`,`proposal_id`,`desa`) values (1,'12345','','0000-00-00','',1,'','','','0000-00-00',0,''),(2,'1221','','2014-10-04','',2,'','','','2014-10-14',2,''),(3,'12345','','2014-10-04','',1,'','','','2014-10-01',3,''),(4,'122.1','','2014-10-04','',1,'','','','2014-10-04',4,''),(5,'12345','','2014-10-31','',1,'','','','2014-10-04',5,''),(6,'122','','2014-10-31','',1,'','','','2014-10-28',6,''),(7,'355132209850006','','2014-10-16','',1,'','','','2014-10-08',7,''),(8,'12345','','2014-10-03','',1,'','','','2014-10-03',8,''),(9,'12345','','2014-10-28','',1,'','','','2014-10-29',9,''),(10,'12211','','2014-10-22','Medan',1,'','','','2014-10-31',10,''),(11,'12345','','2014-10-04','',1,'','','','2014-10-03',11,''),(12,'123','','2014-10-04','',1,'','','','2014-10-29',12,'');

/*Table structure for table `tolak` */

DROP TABLE IF EXISTS `tolak`;

CREATE TABLE `tolak` (
  `tolak_id` int(20) NOT NULL AUTO_INCREMENT,
  `proposal_id` int(5) DEFAULT NULL,
  `tanggal_tolak` date DEFAULT NULL,
  `alasan_ditolak` text COLLATE utf8_unicode_ci,
  `tahap_penolakan` text COLLATE utf8_unicode_ci,
  PRIMARY KEY (`tolak_id`)
) ENGINE=MyISAM AUTO_INCREMENT=2 DEFAULT CHARSET=utf8 COLLATE=utf8_unicode_ci;

/*Data for the table `tolak` */

insert  into `tolak`(`tolak_id`,`proposal_id`,`tanggal_tolak`,`alasan_ditolak`,`tahap_penolakan`) values (1,2,'2014-10-04','11','BI Checking');

/*Table structure for table `tolak_tahapan` */

DROP TABLE IF EXISTS `tolak_tahapan`;

CREATE TABLE `tolak_tahapan` (
  `tahapan_id` int(3) NOT NULL AUTO_INCREMENT,
  `nama` varchar(50) COLLATE utf8_unicode_ci DEFAULT NULL,
  PRIMARY KEY (`tahapan_id`)
) ENGINE=MyISAM AUTO_INCREMENT=8 DEFAULT CHARSET=utf8 COLLATE=utf8_unicode_ci;

/*Data for the table `tolak_tahapan` */

insert  into `tolak_tahapan`(`tahapan_id`,`nama`) values (1,'BI Checking'),(2,'DHN BI'),(3,'Blacklist PPATK'),(4,'OTS Usaha'),(5,'OTS Agunan'),(6,'Komite'),(7,'Lain-lain');

/*!40101 SET SQL_MODE=@OLD_SQL_MODE */;
/*!40014 SET FOREIGN_KEY_CHECKS=@OLD_FOREIGN_KEY_CHECKS */;
/*!40014 SET UNIQUE_CHECKS=@OLD_UNIQUE_CHECKS */;
/*!40111 SET SQL_NOTES=@OLD_SQL_NOTES */;
