"PT BANK SYARIAH MANDIRI"
"Daftar Tunggakan Pembiayaan Murabahah"
"Cabang : ID0010465 / KCP LUBUK SIKAPING"
"User Akses : KCC010380400002"
"Tanggal : 20-10-2014"
"No Tunggakan","Nama Nasabah","Mata Uang","Status","Total Tunggakan","Kolektibilitas","Jenis Produk"
"PDLD1314236296","ZENDA MARWATI","IDR","PDO","2,037,776.25","2A","CONSUMER PKPA TNI POLRI C"
"PDLD1314238362","DINA RYANI","IDR","PDO","1,040,697.06","2A","CONSUMER IMPLAN SWASTA"
"PDLD1314249872","DEDE ROMEIZON","IDR","PDO","758,210.85","2A","KUR MIKRO JAMKRINDO"
"PDLD1314251512","DONI ARDINAL","IDR","PDO","215,230.88","2B","CONSUMER IMPLAN SWASTA"
"PDLD1314251867","SUCI HARTINI","IDR","PDO","434,478.63","2A","KUR MIKRO JAMKRINDO"
"PDLD1314255716","ZULHASMI","IDR","PDO","2,354,779.76","2C","KUR MIKRO JAMKRINDO"
"PDLD1314256570","HENDRI HIDAYAT","IDR","PDO","1,593,490.39","2A","CONSUMER PKPA TNI POLRI C"
"PDLD1314256928","MULHASBUANDI HSB","IDR","PDO","110,465,644.70","5","Murabahah"
"PDLD1314257155","ARMIYANTO","IDR","PDO","764,029.11","2A","KUR MIKRO JAMKRINDO"
"PDLD1314258486","HUSNAN HARAHAP","IDR","PDO","6,526,099.97","1","CONSUMER PKPA TNI POLRI C"
"PDLD1314259513","ROSDAWATI HARMAINI","IDR","PDO","204.39","1","KUR MIKRO JAMKRINDO"
"PDLD1314265080","IRFAN","IDR","PDO","2,300,000.00","1","WM UTAMA PRODUKTIF"
"PDLD1314271678","AMRI MASTA","IDR","PDO","1,635,252.10","2A","WM UTAMA PRODUKTIF"
"PDLD1314272201","JUFRIAL","IDR","PDO","508,068.40","2A","KUR MIKRO JAMKRINDO"
"PDLD1314276280","ZUBAIDAH","IDR","PDO","16,259,633.94","5","WM UTAMA PRODUKTIF"
"PDLD1314280851","NONO HARYADI","IDR","PDO","1,652,540.11","2A","WM MADYA PRODUKTIF"
"PDLD1314292434","SYOFIAR","IDR","PDO","1,648,855.35","2A","CONSUMER IMPLAN SWASTA"
"PDLD1314296714","HENDRA FITNARDI","IDR","PDO","259,332.89","2A","KUR MIKRO JAMKRINDO"
"PDLD1314312767","NUR AINI","IDR","PDO","1,006,854.79","2A","WM UTAMA PRODUKTIF"
"PDLD1314315730","BUDI HERIYANTO","IDR","PDO","1,509,736.51","2A","CONSUMER IMPLAN SWASTA"
"PDLD1314327379","ANDOMI ROZA PUTRA","IDR","PDO","1,044,675.42","2A","KUR MIKRO JAMKRINDO"
"PDLD1314361046","RENI GUSPITA","IDR","PDO","27,319,485.40","3A","KECIL KOMERSIAL NON WM"
"PDLD1314374797","ARSENIUS MANIK","IDR","PDO","3,948,706.44","2A","CONSUMER PKPA TNI POLRI C"
"PDLD1314376068","AMRIL","IDR","PDO","747,071.60","2A","KUR MIKRO JAMKRINDO"
"PDLD1314376164","SRINARMI","IDR","PDO","6,567,438.87","2A","KECIL KOMERSIAL NON WM"
"PDLD1314378954","MISLAINA","IDR","PDO","745,709.75","2A","WM MADYA PRODUKTIF"
"PDLD1314379908","HALIJAR","IDR","PDO","16,417,745.50","2B","CONSUMER MURABAHAH IRREGU"
"PDLD1314380436","HENDY HAMULIA","IDR","PDO","2,696,780.32","2A","CONSUMER KENDARAAN OTOMOT"
"PDLD1314393286","SUKMA RIYANDHA","IDR","PDO","6,022,254.33","1","KECIL KOMERSIAL NON WM"
"PDLD1314403882","HEFIAL MEIYARDI","IDR","PDO","1,581,679.61","2A","CONSUMER IMPLAN SWASTA"
"PDLD1314404018","EMMA HAYATI","IDR","PDO","441,693.31","2A","CONSUMER PKPA TNI POLRI C"
"PDLD1314404634","DESSY ASFRI YENTIE","IDR","PDO","947,047.04","2A","CONSUMER PKPA TNI POLRI C"
"PDLD1314404637","YULFAIZAL","IDR","PDO","10,282.19","1","KECIL KOMERSIAL NON WM"
"PDLD1314414190","YENTI","IDR","PDO","1,723,968.75","2A","CONSUMER PKPA TNI POLRI C"
"PDLD1314414192","YUSMAR","IDR","PDO","662,009.07","2A","KUR MIKRO JAMKRINDO"
"PDLD1314416820","MIRIS","IDR","PDO","4,241,021.27","2B","CONSUMER PKPA TNI POLRI C"
"PDLD1314417613","HASNIAL KHATIMA","IDR","PDO","1,818,591.81","2A","CONSUMER PKPA TNI POLRI C"
"PDLD1314417621","MASNIZAR","IDR","PDO","5,815,135.19","2B","CONSUMER PKPA TNI POLRI C"
"PDLD1314417627","JUNAIDI LUBIS","IDR","PDO","458,974.85","2A","CONSUMER PKPA TNI POLRI C"
"PDLD1314418097","YETTI SAPUTRI","IDR","PDO","1,231,522.30","2A","WM MADYA PRODUKTIF"
"PDLD1314420854","YUSLINA","IDR","PDO","1,236,641.51","2A","CONSUMER PKPA TNI POLRI C"
"PDLD1314452011","YONNI ZUHARMEN","IDR","PDO","7,551,199.43","3C","CONSUMER PKPA TNI POLRI C"
"PDLD1314454725","BURHANUDDIN PASARIBU","IDR","PDO","19,470,685.04","2C","CONSUMER PERUMAHAN GRIYA"
"PDLD1314457516","BURHANUDDIN PASARIBU","IDR","PDO","36,135,122.82","2C","CONSUMER PKPA TNI POLRI C"
"PDLD1314462645","RAHMAT KARI HUSIN","IDR","PDO","1,043,663.24","2A","KUR MIKRO JAMKRINDO"
"PDLD1314468133","ROSTIAN","IDR","PDO","2,691,586.74","2A","KECIL KOMERSIAL NON WM"
"PDLD1314477765","DESNIARI","IDR","PDO","2,718,251.78","2A","WM UTAMA PRODUKTIF"
"PDLD1314478340","YULNASRI","IDR","PDO","762,085.22","2A","KUR MIKRO JAMKRINDO"
"PDLD1314478348","MAYONIS","IDR","PDO","3,431,624.28","2A","CONSUMER PERUMAHAN GRIYA"
"PDLD1314481277","IVO OKTAVER","IDR","PDO","4,770,755.23","2B","WM UTAMA PRODUKTIF"
"PDLD1314483887","JUNAIDI","IDR","PDO","594,542.76","2A","CONSUMER PERUMAHAN GRIYA"
"PDLD1314484272","MADONG LUBIS","IDR","PDO","41,087,629.02","5","WM UTAMA PRODUKTIF"
"PDLD1314485581","GUNAWAN","IDR","PDO","384,522.41","2A","KUR MIKRO JAMKRINDO"
"PDLD1314486152","ASMA HALIM","IDR","PDO","2,149,950.83","2A","CONSUMER PENSIUNAN"
"PDLD1314486153","ZULDESMAN","IDR","PDO","1,515,631.08","2A","CONSUMER PENSIUNAN"
"PDLD1314487454","MUSPANDI","IDR","PDO","422,811.60","2A","KUR MIKRO JAMKRINDO"
"PDLD1314489519","NURMIATI","IDR","PDO","483,202.28","2A","CONSUMER PKPA TNI POLRI C"
"PDLD1314492527","YUNEDI","IDR","PDO","1,593,490.39","2A","CONSUMER IMPLAN SWASTA"
"PDLD1314495099","BASRUN","IDR","PDO","834,378.19","2A","KUR MIKRO JAMKRINDO"
"PDLD1314496962","ELSA HARSIDA","IDR","PDO","502,983.06","2A","WM MADYA PRODUKTIF"
"PDLD1314497956","LAYLA NUZLIATI","IDR","PDO","1,666,960.37","2A","WM MADYA PRODUKTIF"
"PDLD1315610959","RAFLIS","IDR","PDO","1,810,022.12","2A","CONSUMER PKPA SWASTA CHAN"
"PDLD1316270897","FAZLY UMAR PURBA","IDR","PDO","3,838,725.82","2A","KECIL KOMERSIAL NON WM"
"PDLD1317608596","SYOFIA ELIDA","IDR","PDO","805,135.35","2A","Murabahah Warung Mikro"
"PDLD1319809181","DEKKY PRIBADI","IDR","PDO","104,552,068.06","4B","CONSUMER PERUMAHAN GRIYA"
"PDLD1320328039","SUHENDRI NOER","IDR","PDO","762,024.81","2A","Murabahah Warung Mikro"
"PDLD1322428579","SYAMSUL KHIAR","IDR","PDO","2,952,259.33","2A","CONSUMER PERUMAHAN GRIYA"
"PDLD1324231213","IVO OKTAVER","IDR","PDO","1,665,885.07","2A","WM TUNAS PRODUKTIF"
"PDLD1324245290","ITA YUNI","IDR","PDO","2,161,984.91","2A","WM UTAMA PRODUKTIF"
"PDLD1326849478","DARMALINDA","IDR","PDO","1,696,317.91","2A","WM MADYA PRODUKTIF"
"PDLD1327321159","ROMI MARLISKHA","IDR","PDO","388,979.51","1","WM TUNAS GOLBERTAP"
"PDLD1329455988","RAHMAT HIDAYAT","IDR","PDO","1,412,673.63","2A","KUR MIKRO JAMKRINDO"
"PDLD1329461303","YONESHI WAHYUNI","IDR","PDO","992,530.27","2A","KUR MIKRO JAMKRINDO"
"PDLD1329504597","NOVA DESMITA","IDR","PDO","767,743.27","2A","KUR MIKRO JAMKRINDO"
"PDLD1331870486","DONI DESVIA","IDR","PDO","647,443.63","2A","KUR MIKRO JAMKRINDO"
"PDLD1334653588","SUARDI","IDR","PDO","403,606.95","2A","KUR MIKRO JAMKRINDO"
"PDLD1335370665","NOVI ISWANDI","IDR","PDO","699,782.57","2A","WM MADYA PRODUKTIF"
"PDLD1335386361","ERWAN","IDR","PDO","283,693.31","2A","CONSUMER PERUMAHAN GRIYA"
"PDLD1335396059","ASWIR EFENDI","IDR","PDO","2,435,392.38","2A","WM UTAMA PRODUKTIF"
"PDLD1335837439","CHAIDIR LUBIS","IDR","PDO","8,345,162.04","2A","CONSUMER KENDARAAN OTOMOT"
"PDLD1405255025","PONIMAN","IDR","PDO","1,510,314.63","2A","WM MADYA PRODUKTIF"
"PDLD1405761266","EDI SISWANTO","IDR","PDO","105,193.47","2A","KUR MIKRO JAMKRINDO"
"PDLD1405768957","TONY SETIA","IDR","PDO","319,300.01","2A","KUR MIKRO JAMKRINDO"
"PDLD1408449091","NAIMI","IDR","PDO","932,656.91","2A","KUR MIKRO JAMKRINDO"
"PDLD1410693370","ZULFAJRI PRIMA PUTRA","IDR","PDO","647,752.01","2A","KUR MIKRO JAMKRINDO"
"PDLD1411293010","HUSTINA JUSTIA","IDR","PDO","727,948.50","2A","KUR MIKRO JAMKRINDO"
"PDLD1411516160","WENDA EMAFRI","IDR","PDO","384,522.41","2A","KUR MIKRO JAMKRINDO"
"PDLD1414179486","SITI HAIRIAH","IDR","PDO","311,633.46","2A","KUR MIKRO JAMKRINDO"
"PDLD1414866048","HENDRA","IDR","PDO","557,397.60","2A","KUR MIKRO JAMKRINDO"
"PDLD1416114040","EDDY CHANDRA","IDR","PDO","460,689.15","2A","KUR MIKRO JAMKRINDO"
"PDLD1416830949","RADINAL","IDR","PDO","423,061.60","2A","WM TUNAS PRODUKTIF"
"PDLD1418573107","AHMAD ZUKRI","IDR","PDO","339,828.28","2A","WM TUNAS GOLBERTAP"
"PDLD1420473891","DODI","IDR","PDO","3,623,752.42","2A","WM UTAMA PRODUKTIF"
"PDLD1422659750","DODI YASMAI","IDR","PDO","434,371.31","1","WM TUNAS PRODUKTIF"
"PDLD1426693795","SRILISRIATI","IDR","PDO","530,371.23","1","WM TUNAS PRODUKTIF"
